iter	MultiClass
0	1.028351167
1	0.9645240662
2	0.8991956641
3	0.8640544855
4	0.8282232751
5	0.7957844723
6	0.763286336
7	0.7284340271
8	0.701151912
9	0.6769920187
10	0.6580707042
11	0.642202135
12	0.6255678744
13	0.6069522461
14	0.5927001665
15	0.5811097593
16	0.5696941754
